<?xml version="1.0" encoding="UTF-8"?>
<project-private xmlns="http://www.netbeans.org/ns/project-private/1">
    <editor-bookmarks xmlns="http://www.netbeans.org/ns/editor-bookmarks/2" lastBookmarkId="0"/>
    <open-files xmlns="http://www.netbeans.org/ns/projectui-open-files/2">
        <group>
            <file>file:/Users/Arnold_Ccari_Villalta/2DAW_Practicas/M03%20Programació%20Orientada%20a%20Objectes%20/UF5/Practica%202/UF5_P2_Coches/src/cat/practica_coches/coche_app/model/businesslayer/entities/Coche.java</file>
            <file>file:/Users/Arnold_Ccari_Villalta/2DAW_Practicas/M03%20Programació%20Orientada%20a%20Objectes%20/UF5/Practica%202/UF5_P2_Coches/src/cat/practica_coches/coche_app/views/console/Application.java</file>
        </group>
    </open-files>
</project-private>
